patent_id,patent_date,patent_title,patent_num_times_cited_by_us_patents,cpc_subclass_ids
12418945,2025-09-16,System and method for vehicle bluetooth pairing,0,H04M|H04W
12416459,2025-09-16,Modular heatsink and methods of use thereof,0,F28F|H01L|H05K
12415527,2025-09-16,Range sensor based calibration of roadside cameras in ADAS applications,0,B60W|G06T|G08G
12413674,2025-09-09,Intelligent call queue prioritization based on vehicular data retrieval,0,G07C|G08B|H04M|H04W
12412295,2025-09-09,Methods and systems for estimating hitch articulation angle,0,G06T|H04N
12409862,2025-09-09,System and method for optimizing user pickup for an autonomous vehicle,0,B60W|G06Q
12409856,2025-09-09,Autonomous driving system for creating a planned route based on messages displayed by road signs,0,B60W|G01C|G06V|G08G|H04W
12406574,2025-09-02,Methods for enhancing efficiency of secure vehicle to everything (V2X) stream communication,0,G08G|H04W
12403957,2025-09-02,Adaptive driver lane keeping assist control,0,B60Q|B60W|B62D|G06N|G08G
12401499,2025-08-26,Symmetric key attestation of removable circuits,0,H04L
12400458,2025-08-26,Multi-camera top view object detection and suppression,0,G06T|G06V
12400240,2025-08-26,Interactive conjoint environment,0,G06F|G06Q|G06V|G08B
12399704,2025-08-26,Method and system to optimize power utilization using an alternative power converter while operating vehicle software updates,0,G06F
12399680,2025-08-26,System and method for real-time audio description in a vehicle,0,G06F|G06V
12395923,2025-08-19,Packet recovery in an advertisement system,0,H04L|H04W
12394395,2025-08-19,Vehicle systems and methods for environmental camera view display adaptation,0,B60R|G09G|H04N
12393971,2025-08-19,Method of occupant digital profiling for seamless experience and actionable insights,0,G06Q|G07C
12393909,2025-08-19,Fiadaptive multi-modal e-pallet control,0,G06Q
12393049,2025-08-19,Adaptive interactive campfire display,0,B60R|G02B|G06F
12391215,2025-08-19,Systems and methods for detecting vehicle controller spoofing,0,B60R|H04W
12388961,2025-08-12,Feedback systems for optimized display operation,0,A61B|B60N|B60Q|G06F|H04N
12387689,2025-08-12,Systems and methods for dynamic dimming of a set of displays sharing a single energy source,0,G06F|G09G
12387350,2025-08-12,Neural radiance field based camera alignment,0,G05D|G06T
12387349,2025-08-12,Camera to vehicle alignment with multiple camera adjustment,0,G06T
12386026,2025-08-12,Method and system of time-frequency sensor coding for interference mitigation in a vehicle,0,G01S|H04B|H04L
12384404,2025-08-12,Motion monitor using lidar registration,0,B60W|G01S|G06T
12380619,2025-08-05,Lossless privacy preserving data anonymation for ADAS/AD model development,0,G06T|G06V
12375288,2025-07-29,Securing in-vehicle service oriented architecture with MAC generate allow list enforcement in host device,0,B60R|H04L
12373163,2025-07-29,System and method for activating a voice assistant for a vehicle,0,B60R|G06F|G07C|G08C|G10L|H04B
12372660,2025-07-29,Identification of planar points in lidar point cloud obtained with vehicle lidar system,0,B60W|G01S|G06F|G06V
12365356,2025-07-22,Adaptive side blind zone alert system and method,0,B60Q|B60W|G08G|H04W
12363216,2025-07-15,Establishing a connection between a mobile device and a vehicle,0,G06F|G10L|H04M|H04W
12363045,2025-07-15,Systems and methods for adaptive traffic shaping for an in-vehicle network,0,G07C|H04L
12361949,2025-07-15,Dynamic audio signal transcription in a vehicle,0,G01C|G06T|G10L|H04W
12361830,2025-07-15,Pedestrian density and proximity recognition with vehicle and mobile device countermeasures,0,B60K|B60Q|B60T|B60W|G06N|G08G
12361725,2025-07-15,Machine learning based HUD system with alerts for hidden bodies,0,B60R|G02B|G06F|G06T|G06V|H04N
12361591,2025-07-15,Precise intrinsic calibration of vehicle camera,0,G06T
12361572,2025-07-15,System and method of automatic image view alignment for camera-based road condition detection on a vehicle,0,G06T|G06V
12361340,2025-07-15,Parking and charging marketplace and reservation system,0,B60W|G01C|G06Q|G08G|H04L
12360533,2025-07-15,System and method for managing fleet of electric vehicles,0,B60L|G05D|G06Q|G08G|Y02T
12360392,2025-07-15,Social utilization of campfire display,0,G02B|G06F|G06V
12358391,2025-07-15,Method and system for using idle computing power of an electric vehicle,0,B60L|G06F|Y02T
12354305,2025-07-08,Camera misalignment detection system for a vehicle,0,G06T|H04N
12351182,2025-07-08,System and method to neutralize the presence of adverse weather artifacts from automotive camera imagery,0,B60W|G01W|G06T|G06V
12348493,2025-07-01,Message authentication system including a network device having a lightweight security module,0,H04L|H04W
12347210,2025-07-01,Lane edge fusion system for an autonomous vehicle,0,B60W|G01C|G06T|G06V
12345696,2025-07-01,Methods for inspection of press-hardening steel surfaces prior to spot-welding for improved welding quality,0,G01N|G06T|G06V
12344277,2025-07-01,Authentication system for a voice controlled autonomous driving system,0,B60W|G06F|G06V|G10L
12344266,2025-07-01,System and method for computing automatic notifications about a policy of behavior generated by an artificial intelligence algorithm,0,B60W|G06N
12342659,2025-06-24,Phosphor coatings for micro light-emitting diode (LED) displays,0,H01L|H10H
12342252,2025-06-24,Method and system for wireless data transmission,0,H04W
12337863,2025-06-24,Processing environmental data for vehicles,0,B60W|G01S|G06F|G06V
12335732,2025-06-17,Detecting spoofed ethernet frames within an autosar communication stack,0,G07C|H04W
12335664,2025-06-17,System and method for triggering video recording for a vehicle,0,G06N|H04N|H04W
12335551,2025-06-17,Method and system for video streaming with cellular data rate prediction,0,H04N
12332992,2025-06-17,Controlling electric vehicle charging security system,0,B60L|G06F|G06K|Y02T
12328078,2025-06-10,Hybrid switch multi-chip power module for a vehicle battery,0,H01L|H02M
12326341,2025-06-10,System for providing parking guidance to a vehicle,0,B60R|G01C|G06T|G06V
12325414,2025-06-10,Methods and systems for tracking of attached objects,0,B60T|B60W|G01S|G06T|G06V
12325142,2025-06-10,High accuracy robotic plasma cutting and inspection system,0,B23K|B25J|G05B|G06K|G06T|H04N
12322230,2025-06-03,Dynamic reservation of a charging station slot for a vehicle,0,B60L|G01C|G06Q|G07C|G08G
12322115,2025-06-03,Control algorithm to precisely evaluate edge quality from imagery,1,G06T|G06V
12321499,2025-06-03,Software update protection system,0,G06F
12315402,2025-05-27,Integrated vehicle dynamics in campfire display,0,A63F|B60K|G02B|G06F|G09G
12314771,2025-05-27,Perception processing with multi-level adaptive data processing flow rate control,0,G06F
12309231,2025-05-20,Vehicle motion control performance enhancement using real-time data reliability and criticality assessments,0,H04B|H04L
12306014,2025-05-20,Method and system for quantifying map errors,0,G01C|G06T
12294970,2025-05-06,System and method for diagnosing sensor performance of an ultra wide band sensor localization,0,G01S|G06F|H04B|H04W
12293663,2025-05-06,System and method for parking spot selection using reinforcement learning,0,G01C|G06N|G06V|G08G|H04W
12293613,2025-05-06,Systems and methods for vehicular computation management,0,B60L|G01C|G06F|G07C|H02J
12293542,2025-05-06,System and method to locate and label a trailer coupler,0,B60K|B60R|G06T|G06V
12292307,2025-05-06,Road network mapping using vehicle telemetry data,0,G01C|G06F|G08G|H04Q
12291231,2025-05-06,Vehicle with polarimetric image normalization logic,0,B60W|G06T|G06V|H04N
12286315,2025-04-29,System and method for quality control in manufacture of parts,0,B65G|G06F
12286119,2025-04-29,System and method for connected vehicle weather sensing,0,B60W|G01W|G08G|H04W|Y02A
12280789,2025-04-22,Architecture and methodology for vehicle motion control health monitoring and mitigation,0,B60W|G06Q
12280667,2025-04-22,Instrument cluster display obscuration tool,0,B60K|G06F
12278892,2025-04-15,Method and system for symmetric key distribution between electronic vehicle components,0,H04L
12278866,2025-04-15,Scaled vehicle communications architecture system,0,G06F|G07C|H04L|H04W
12278811,2025-04-15,Securing in-vehicle service oriented architecture with mac generate allow list,0,H04L
12270891,2025-04-08,High resolution radar simulation to train vehicle radar system neural network,0,G01S|G06N
12269500,2025-04-08,Alignment validation in vehicle-based sensors,0,B60W|G06F|G06V
12269343,2025-04-08,Multiplexed floating autostereoscopic 3D display,0,B60K|G02B|G03H|H04N
12266188,2025-04-01,Method and apparatus for leveraging infrastructure camera for vehicle positioning,0,B60W|G01C|G01S|G06T|G06V
12266187,2025-04-01,Visual wireless based positioning exploiting multipath for outdoor positioning,0,B60W|G01C|G06V|H04W
12265604,2025-04-01,Electronically secured package delivery,0,G06F|G06Q
12263848,2025-04-01,Methods and structures to extend vehicle connectivity,0,B60W|H04W|Y02D
12260590,2025-03-25,System and method for online camera to ground alignment,0,B60W|G06T|G06V
12256432,2025-03-18,On-vehicle ultra-wideband system and method,0,H04B|H04W
12254702,2025-03-18,Surround view vehicle egress assistance,0,B60R|G06T|G06V
12253967,2025-03-18,Application virtualization in an emulator using an authentication processor,0,G06F
12246700,2025-03-11,Machine learning-based tractive limit and wheel stability status estimation,0,B60W|G06N
12245115,2025-03-04,Method to extend operational domain using pre-downloads of tiles for non- or low cellular signal area,0,G01C|H04W
12243426,2025-03-04,Vehicle warning system for actuating a mobile device to alert a vulnerable road user of a predicted collision with a hidden approaching vehicle,0,G01S|G08B|G08G|H04W
12243328,2025-03-04,Scalable road sign interpretation system for autonomous driving,0,G06N|G06V
12243326,2025-03-04,Methods and system for controlling a vehicle using fusion of multi_modality perception data,0,B60W|G06F|G06V
12243295,2025-03-04,Robust neural network learning system,0,G06N|G06V
12243203,2025-03-04,Viewing system to dynamic real time optimize image quality for every customer viewport,0,G06T|G06V
12242984,2025-03-04,Ownership cost optimization for fleet with electric vehicles,0,G06Q|G08G
12240480,2025-03-04,Methods and systems for providing trailer guidance,0,B60K|B60P|B60R|B60W|G06T|G06V
12240474,2025-03-04,System and method for correcting in real-time an estimated position of a road object,0,B60W|G01S|G06T
12238097,2025-02-25,Reducing the number of keys used to secure in-vehicle networks,0,B60R|H04L
12236786,2025-02-25,Calibration of time to collision threshold in low light conditions,0,G06T|G06V|G08G|H04N
12235655,2025-02-25,Management of charging schedules in fleet having electric vehicles,0,B60L|G05D|G06Q
12233898,2025-02-25,Vehicle flooding identification and prevention,0,B60W|H04W
12233789,2025-02-25,Predicting failures of electrical loads and wiring harnesses of a vehicle,1,B60R|G06N
12231582,2025-02-18,Method for attestation of an electronic component on a circuit board,0,G06F|H04L
12229926,2025-02-18,Method and system for deblurring a blurred image,0,G06T
12221130,2025-02-11,System for motion planning with natural language command interpretation,0,B60W|G06F|G06N|G06V
12211362,2025-01-28,Vehicle beacon mode,0,B60R|G07C|G08B|H04W
12207156,2025-01-21,Systems and methods for providing guidance instructions to an operational charging unit,0,B60L|G06N|G06V|H04W|Y02T
12206836,2025-01-21,Polarization-based optical arrangement with virtual displays and multiple fields of view,0,B60K|G02B|H04N
12204556,2025-01-21,End-to-end event flows that contain file locations,0,G06F|H04L
12203880,2025-01-21,Image processing and detection of discontinuities in battery cells,0,G01N|G06T|H01M|Y02E
12200233,2025-01-14,Limited rate context based eye gaze encoding,0,G06F|G06T|G06V|H04N
12200056,2025-01-14,Network communication system and process to optimize network performance,0,H04L
12194919,2025-01-14,Method and system for enabling vehicle connected services for hearing-impaired vehicle occupants,0,B60Q|G06V|G09B|G10L|H04N|H04W
12192907,2025-01-07,System and method for enabling fifth generation mobile initiated communications only mode for extended vehicle notifications,0,H04W|Y02D
12189348,2025-01-07,Generation and presentation of explanations related to behavior of an automated control system,0,B60K|B60W|G05B|G06N
12184971,2024-12-31,Methods and systems for automated frame synchronization after initial video feed,0,B60R|H04N
12182990,2024-12-31,Battery component inspection based on optical and thermal imaging,0,G06T|G06V|H01M
12179784,2024-12-31,Detection of health conditions in vehicle occupants,0,B60W|G06N|G06V
12177037,2024-12-24,Vehicle control system and method with protocol data unit multiplexing and post build configuration,0,H04L
12175908,2024-12-24,Digital window sticker,0,G06F|G09G
12175732,2024-12-24,Computationally efficient unsupervised DNN pretraining,0,G06T|G06V
12172669,2024-12-24,Automated driving system with desired level of driving aggressiveness,0,B60W|G05D|G06N
12172657,2024-12-24,Machine learning-based predictive dynamics for vehicle motion control,0,B60W|G05B|G06N
12162404,2024-12-10,System and method for creating a vehicle lighting atmosphere,0,B60K|B60Q|H04W
12160774,2024-12-03,System and method for multi-path data transmission,0,H04L|H04W
12156097,2024-11-26,System and method of resilient ultra wide band target localization for a vehicle,0,G01S|H04W
12154063,2024-11-26,Vehicle load weight determination and distribution guidance,0,G01G|G06N|G06Q
12152893,2024-11-26,Traffic-info-incorporated NNT driver model for EV trip energy prediction,0,G01C|G06N|G08G
12151692,2024-11-26,Performance tuning for electronic control unit,0,B60W|G06F
12148298,2024-11-19,System and method for providing platooning information using an augmented reality display,0,B60K|G02B|G06F|G08G|G09G
12148272,2024-11-19,System and method of retrieving a lost item,0,G06Q|G06T|G07F
12147540,2024-11-19,System and method to implement a secure boot event with one of a plurality of candidate public key infrastructure authentication key sets,0,G06F|H04L
12145508,2024-11-19,Methods and systems for augmented trailer view for vehicles,0,B60K|B60R|B60W|G06T|G06V|H04N
12143512,2024-11-12,Cascaded key delegation system for sharing a digital key associated with a vehicle,0,B60R|H04L
12137366,2024-11-05,Electronics and data resource sharing marketplace platform,0,G06Q|G07C|G08G|H04W
12137142,2024-11-05,System and method for optimizing network connection in a vehicle,0,H04L|H04W
12136421,2024-11-05,System and method for integrating auditory and non-auditory inputs for adaptable speech recognition,0,B60W|G06F|G06N|G06T|G06V|G10L
12136341,2024-11-05,Augmented reality display for traffic signal awareness,0,B60K|G02B|G06F|G06T|G06V|G08G|G09G
12136207,2024-11-05,Optical inspection of stator slots,0,G06T|H02K
12132010,2024-10-29,"Metal-coated, polymer-encapsulated electronics modules and methods for making the same",2,B60K|B60R|H01L|H02M
12131555,2024-10-29,Systems and methods for providing traffic light region of interest parameters to an autonomous vehicle,0,B60W|G01C|G06F|G06V|G08G|H04W
12130903,2024-10-29,Soft part authentication for electronic control unit,0,G06F|H04L
12128889,2024-10-29,Adaptive messaging within a cloud and edge computing environment for V2X applications,0,B60W|H04W
12126897,2024-10-22,Bandwidth saving for wireless camera using motion vectors,0,B60R|G06T|G06V|H04N
12126225,2024-10-22,Optical inspection of stator slots,0,G01N|G06T|H02K
12125225,2024-10-22,Monocular camera system performing depth estimation of objects surrounding a vehicle,0,G06T
12124641,2024-10-22,Translating rotary control,0,B60K|G06F
12124335,2024-10-22,Fault tolerant distributed computing system based on dynamic reconfiguration,0,G06F
12115874,2024-10-15,Dynamic multiple bi-directional supply and demand matching for EV charging,0,B60L|G01C|G06Q
12114155,2024-10-08,Method and apparatus for non-linear authentication of vehicle communications,0,H04L|H04W
12113555,2024-10-08,Data compression selection system,0,G06F|H03M
12112635,2024-10-08,Process and system for local traffic approximation through analysis of cloud data,1,G06N|G08G|H04W
12112506,2024-10-08,System for calibrating extrinsic parameters for a camera in an autonomous vehicle,0,G06T
12112196,2024-10-08,Real-time scheduling for a heterogeneous multi-core system,0,G06F
12111197,2024-10-08,Quality control system for analyzing the quality of a battery cell through a volumetric measurement of gas formed during a cell formation process and a method of analyzing the same,0,G01B|G01F|G01N|G06K|G06T|H01M|Y02E
12110033,2024-10-08,Methods and systems to optimize vehicle event processes,0,B60W|G06F|G06N|G06Q|G07C|G08G
12106518,2024-10-01,On-vehicle camera alignment monitoring system,0,B60R|G06F|G06T|G06V
12106459,2024-10-01,System for quantitively determining pavement marking quality,0,G06F|G06T|G06V
12101043,2024-09-24,Neural network and torque feedback-based control of vehicle electric traction motor,0,B60L|G06N|H02P
12100303,2024-09-24,System and method for multi-mode connectivity for group vehicle activity and for over-the-air updates via time synchronized device-to-device side-link communications,0,G06F|G07C|G08G|H04L|H04W
12100301,2024-09-24,Cooperative V2X sensor sharing,0,B60R|G01S|G06F|G06T|G06V|G08G|H04W
12098932,2024-09-24,Edge enhanced incremental learning for autonomous driving vehicles,0,B60W|G01C|G06N|G08G|H04W
12096318,2024-09-17,Systems and methods for implementing autonomous vehicle collaboration via a hybrid distributed connected network,0,H04L|H04W
12096317,2024-09-17,System for communicating fleet-specific features of an immediate vehicle to a personal electronic device,0,B60W|G06Q|G06V|G08G|H04W
12094169,2024-09-17,Methods and systems for camera to ground alignment,0,G06T|G06V
12092816,2024-09-17,Augmenting roadway markings and traffic signs for occupant awareness,0,G02B|G06T|G06V
12092733,2024-09-17,Radar anti-spoofing system for identifying ghost objects created by reciprocity-based sensor spoofing,0,G01S|G06F|G06V
12091059,2024-09-17,System and method of managing a driver take-over from an autonomous vehicle based on monitored driver behavior,0,B60W|H04W
12091053,2024-09-17,Method of mitigating jamming of a reflected energy ranging system for an autonomous vehicle,1,B60W|G01S|H04W
12087190,2024-09-10,System for calibrating waveguide-based holographic head-up display,0,B60K|G02B|G06T|G09G
12087062,2024-09-10,System and method for optimizing sign interpretation,1,B60W|G06T|G06V
12086996,2024-09-10,On-vehicle spatial monitoring system,0,B60W|G01S|G06T|G06V|H04N
12085399,2024-09-10,Modular machine-learning based system for predicting vehicle energy consumption during a trip,0,B60L|G01C|G06Q
12083914,2024-09-10,System and method for a multi-cell rechargeable energy storage device,1,B60L|H04W|Y02E
12080038,2024-09-03,System and method for augmented decision making by detecting occlusions,0,G06T|G06V
12073723,2024-08-27,Intelligent park assist system with sign interpretation,0,G06V|G08G|H04W
12073555,2024-08-27,Inspection of reflective surfaces based on image correlation,0,G01B|G01N|G06T|H04N
12072694,2024-08-27,Injury based risk assessment software utility tool,0,G05B|G06Q
12069752,2024-08-20,Vehicle communication system with alternative periodic connectivity mode,0,H04L|H04W
12067647,2024-08-20,Vehicle rearview display when rear gate opened,0,B60R|G01S|G06T|H04N
12067077,2024-08-20,Vehicle detection and identification through audio propagation,0,G06F|G06T|G06V|G10H|G10L|H04B
12056815,2024-08-06,Generating map features based on aerial data and telemetry data,0,G01C|G06F|G06T|G06V
12051324,2024-07-30,Collaborative illumination,0,B60Q|F21S|G01C|G08G|H04W
12047711,2024-07-23,Vehicle surveillance system,0,B60W|G06V|G08B|H04N
12045991,2024-07-23,Detection of discontinuities in battery cells,0,B60L|G01R|G06T|H01M|Y02E
12045122,2024-07-23,Double open CAN bus wire fault identification,0,G06F
12043272,2024-07-23,Radar and camera fusion based wireless communication misbehavior detection,0,B60W|G08G|H04W
12039900,2024-07-16,Hybrid head-up display calibration,1,G02B|G06T|G06V|G09G
12039899,2024-07-16,Adaptive head up display,0,B60K|G02B|G06F|G09G
12038870,2024-07-16,"System and apparatus for on-demand, feature focused data collection in autonomous vehicles and autonomous driving systems",0,B60W|G06F
12038783,2024-07-16,System and method for fault tolerant time synchronization,2,G06F
12038292,2024-07-16,Adaptive in-drive updating of energy consumption prediction for vehicle with a load,0,B60W|B60Y|G01C|G06N
12036742,2024-07-16,Optimized additive manufacturing,0,B22F|B29C|B33Y|G05B|G06F
12036682,2024-07-16,"Calibration system comprising an end effector with an adjustable member and a measurement instrument for determining a location of the adjustable member, and a method of operating the same",0,B25J|G01B|G05B|G06F|G06V
12033661,2024-07-09,Vehicle infotainment system for selecting recordings based on user emotion,1,B60R|G06F|G06N|G10L
12031835,2024-07-09,Parking assist in augmented reality head-up display system,0,B60K|G01C|G02B|G06F|G06V
12028951,2024-07-02,Camera based adaptive brightness backup light system,0,B60Q|H04N|H05B
12026165,2024-07-02,Cooperative system architecture for engineering asset management and sharing,0,G06F|G06Q
12017665,2024-06-25,Systems and methods for detecting misbehavior behavior at an autonomous driving system,0,B60W|G07C|H04L|H04W
12016071,2024-06-18,Intelligent vehicle systems and control logic for cellular link monitoring and failure detection,0,H04W
12015422,2024-06-18,Data integrity checking between circuits,0,H03M|H04L
12014552,2024-06-18,Intelligent vehicle systems and control logic for incident prediction and assistance in off-road driving situations,0,B60R|G05D|G06V|G07C|H04N
12013691,2024-06-18,Method and system for performing vehicle computing tasks in a remote computing system or a vehicle,1,G05D|H04L|H04W
12012120,2024-06-18,System for tuning a trajectory tracking controller for an automotive vehicle,0,B60W|G06N
12011999,2024-06-18,Holographic display calibration by holographic phase modulation,0,B60K|G02B|G03H|H04N
12010461,2024-06-11,Multimedia system for a scalable infotainment system of a motor vehicle,0,B60R|H04N
12008817,2024-06-11,Systems and methods for depth estimation in a vehicle,0,G01S|G05D|G06F|G06N|G06T|G06V|H04N
12006063,2024-06-11,Aerial-based event notification,0,B64C|B64D|B64U|G08G|H04W
12003565,2024-06-04,Quality framework for vehicle application data networks,1,H04L|H04W
11989947,2024-05-21,Perception system with attention module for processing visual data,0,B60R|G06N|G06T|G06V
11989893,2024-05-21,Methods and systems for camera to lidar alignment using road poles,0,B60R|G01S|G06F|G06T|G06V
11985297,2024-05-14,Autostereoscopic three-dimensional campfire display,0,G02B|H04N
11981351,2024-05-14,Systems and methods for detecting misbehavior behavior based on fusion data at an autonomous driving system,1,B60W|G08G|H04W
11981207,2024-05-14,Reconfigurable display system and method of control thereof,0,B60K|G06F|G06T|G09G
11979655,2024-05-07,Method to detect and overcome degradation image quality impacts,0,B60R|B60S|G06T|H04N
11978265,2024-05-07,System and method for providing lane identification on an augmented reality display,0,B60K|G06T|G06V|H04N
11977243,2024-05-07,Collaborative navigation system with campfire display,1,B60K|G01C|G02B|G06F|G06T|G09G
11977149,2024-05-07,Filtering and aggregating detection points of a radar point cloud for an autonomous vehicle,0,B60W|G01S|G06F|G06V
11975714,2024-05-07,Intelligent vehicles with distributed sensor architectures and embedded processing with computation and data sharing,0,B60W|H04J|H04L|H04Q|H04W
11971544,2024-04-30,Hybrid augmented reality head-up display for creating an edge-to-edge augmented reality view,1,B60K|G02B|G06T
11970063,2024-04-30,Lash angle determination,0,B60L|G05B|G06F|G06N
11967219,2024-04-23,System and method of notifying an owner of a lost item in a vehicle,0,B60R|G06Q|G06T|G08B
11955010,2024-04-09,System and method for providing situational awareness interfaces for autonomous vehicle operators,0,G05D|G06F|G06Q|G07C|G08G|H04W
11954913,2024-04-09,System and method for vision-based vehicle fluid leak detection,0,B60Q|G01M|G06V|H04N
11954205,2024-04-09,Security control for electronic control unit,0,G06F
11953602,2024-04-09,Detecting three-dimensional structure models at runtime in vehicles,0,G01S|G06N|G06V
11952037,2024-04-09,Method and apparatus in a motor vehicle for reversing multiple trailers,0,B60R|B62D|G06F|G06V
11952013,2024-04-09,Trusted context self learning method for an in-vehicle network intrusion detection system developed to limit calibration proliferation and development costs,0,B60W|G06F|G06N|H04L
11947315,2024-04-02,Contrast characterization of multi-plane holographic HUD accounting for image artifacts,0,B60K|G02B|G03H|G06F|G06T
11947236,2024-04-02,High contrast transparent display with automatic shading,0,B60K|G02B|G02F|H01L|H10H
11945329,2024-04-02,Intelligent vehicle systems and control logic for battery charge control and information display,1,B60L|B60Q|H04W
11943328,2024-03-26,Secure method and apparatus for mixed criticality services discovery in a vehicle,0,H04L
11940537,2024-03-26,Real-time virtual LiDAR sensor,0,G01B|G01S|G06T|H04N
11938821,2024-03-26,User interaction with 360 degree 3D holographic display,0,B60K|G03H|G06F|H04N
11936700,2024-03-19,Vehicle video streaming system and method,0,H04L|H04N
11935335,2024-03-19,Robust physical and virtual identity association,0,B60R|G07C|H04L|H04W
11935200,2024-03-19,System and method for displaying infrastructure information on an augmented reality display,0,B60K|G02B|G06F|G06T
11935156,2024-03-19,Methods and systems for color harmonization in surround view systems,0,G06T|H04N
11934957,2024-03-19,"Methods, systems, and apparatuses for user-understandable explainable learning models",0,G05D|G06N|G06V
11934258,2024-03-19,Vehicle data analytics system for multi-layer control software architecture,0,B60W|G06F
11928992,2024-03-12,Automated vehicle display calibration,0,G06T|G09G
11924527,2024-03-05,Optical sensor activation and fusion,0,B60R|B60W|G06V|H04N
11922804,2024-03-05,System and method for traffic situation insight,0,G08G|H04W
11922704,2024-03-05,System and method for detecting road and lane connections at intersections,0,B60W|G01C|G06N|G06V|G08G
11919475,2024-03-05,Methods and systems to detect vehicle theft events,0,B60R|G01S|G06N|H04R
11919392,2024-03-05,Rollable/bendable virtual 3D display,0,B60K|H04N
11915427,2024-02-27,Conflict resolver for a lidar data segmentation system of an autonomous vehicle,0,B60W|G01S|G06T|G06V
11915395,2024-02-27,Holographic display system for a motor vehicle with real-time reduction of graphics speckle noise,0,B60K|G02B|G06T
11912300,2024-02-27,Behavioral planning in autonomus vehicle,0,B60W|G01C|G06N
11912298,2024-02-27,Event scheduling system for collecting image data related to one or more events by autonomous vehicles,0,B60W|G01C|G08G|H04W
11904875,2024-02-20,Adaptive prognostics systems and methods for vehicles,0,B60W|G06F|G06N|G07C
11900814,2024-02-13,Controlling articulating sensors of an autonomous vehicle,0,G01S|G05D|G06V|G08G|H04N
11900609,2024-02-13,Traffic light occlusion detection for autonomous vehicle,0,B60W|G05D|G06T|G06V
11899448,2024-02-13,Autonomous vehicle that is configured to identify a travel characteristic based upon a gesture,0,B60W|G05D|G06F|G06Q
11898867,2024-02-13,Recorded route replay on an augmented reality head-up display application,0,G01C|G06F|G10L|H04N|H04R
11893801,2024-02-06,Flagman traffic gesture recognition,0,A23B|A23V|B01D|F25D|G06F|G06N|G06T|G06V
11893086,2024-02-06,Shape-biased image classification using deep convolutional networks,1,G06F|G06N|G06V
11892574,2024-02-06,Dynamic lidar to camera alignment,0,G01S|G06T
11891083,2024-02-06,System and method for virtual experience as a service with context-based adaptive control,0,B60W|G06V|H04W
11887272,2024-01-30,Method and system for determining a spatial transformation employing partial dimension iterative closest point,0,B60W|G01S|G06T
11887200,2024-01-30,"Systems and methods for enabling yielding decisions, conflict resolution, and user profile generation",0,G06Q|G07C|G08G|H04W
11886862,2024-01-30,Vehicle software updating technique,0,B60W|G06F|H04W
11886184,2024-01-30,Navigating an autonomous vehicle based upon an image from a mobile computing device,0,G01C|G05D|G06Q
11881028,2024-01-23,Vehicle lidar system with neural network-based dual density point cloud generator,0,B60R|G01S|G06F|G06N|G06T|G06V
11876034,2024-01-16,3-D power modules with double sided cooling per semiconductor die,0,H01L|H02M|H05K
11875677,2024-01-16,Detection and reporting of misbehavior in vehicle-to-infrastructure communication,0,G08G|H04W
11875611,2024-01-16,Remote observation and reporting of vehicle operating condition via V2X communication,0,G07C|H04W
11875578,2024-01-16,Determination of traffic light orientation,0,G06F|G06N|G06V
11874539,2024-01-16,Perception camera with road surface glare reduction,0,B60R|G02F|H04N
11873023,2024-01-16,Boundary memorization systems and methods for vehicle positioning,0,B60W|B62D|G06T|G06V
11873006,2024-01-16,Virtual lane estimation using a recursive self-organizing map,0,B60W|G01C|G06N
11873003,2024-01-16,Multimodal multi-technique signal fusion system for autonomous vehicle,0,B60W|G05D|G06F|G06T|G06V|G08G|H04N
11870476,2024-01-09,System and method for multiple wireless systems of a vehicle to share cabling,0,H04B|H04W
11870433,2024-01-09,Solid-state multi-switch device,0,H01L|H03K
11869351,2024-01-09,Automated incident detection for vehicles,0,G06F|G06N|G06T|G06V|G07C|G08G|H04N
11869250,2024-01-09,Systems and methods for detecting traffic objects,0,B60W|G06T|G06V
11869025,2024-01-09,Charging infrastructure and remote computing system for electric vehicle computing node,1,B60L|G06Q|Y02T
11868715,2024-01-09,Deep learning based automatic ontology extraction to detect new domain knowledge,0,G06F|G06N
11866052,2024-01-09,Distributed computing system for determining road surface traction capacity,0,B60T|B60W|H04W
11864073,2024-01-02,Wireless trailer connection,1,B60D|B60Q|B60T|H04W
11864050,2024-01-02,Radio access network notification area selection and paging based on travel information,0,H04W
11863993,2024-01-02,Automated lightweight and secure device pairing,0,H04W
11862024,2024-01-02,System and method for software architecture for leader vehicle capabilities for an on-demand autonomy (ODA) service,0,B60W|G01C|G06Q|G08G|H04L
11861530,2024-01-02,"System, and methods for implementing a server architecture for an On-Demand Autonomy (ODA) service",0,G06Q|G07C
11860125,2024-01-02,Prognostics system for detecting wear in encoders used to sense wheel speed in vehicles,0,B60T|G01N|G06F
11856110,2023-12-26,Method for delegated key sharing for digital car key system,0,B60R|H04L|H04W
11854403,2023-12-26,System and method for providing a blind reveal warning on an augmented reality display,0,B60K|G06F|G06T|G06V|G08G
11854270,2023-12-26,Vehicle off-guard monitoring system,0,B60R|G06V|G08B|G08G|H04N
11853741,2023-12-26,Federated learning for connected camera,0,G06F|G06N|G06T|G06V
11853061,2023-12-26,Autonomous vehicle controlled based upon a lidar data segmentation system,0,B60W|G01S|G05D|G06N
11848748,2023-12-19,High-resolution radio using neural networks,0,G06N|G10L|H04H
11843845,2023-12-12,Protective lens cover for a camera,0,B60R|G02B|G03B|H04N
11843685,2023-12-12,Method and apparatus for embedded in-vehicle device-to-device cloud communications optimization,1,H04L
11842546,2023-12-12,Sensor fusion-based top-view three-dimensional stixel representation for general obstacle detection in a vehicle,0,B60W|G06F|G06N|G06V
11842310,2023-12-12,Exposure risk assessment and countermeasure systems,0,C11D|G06Q|G16H
11838843,2023-12-05,System for communicating vehicle-specific features of an individual vehicle to a personal electronic device,0,H04W
11838675,2023-12-05,Depth imaging camera with polarization-coded aperture,0,G01S|G02B|H04N
11836990,2023-12-05,Methods and systems for two-phase camera to lidar alignment,0,B60W|G06T|G06V
11835811,2023-12-05,Hybrid thermal management for liquid crystal on silicon head-up displays,0,B60K|G02B|G02F|H01L|H05K|H10N
11835678,2023-12-05,Weather data with connected vehicles,0,B60Q|B60W|G01W|G07C|H04L|H04W
11834066,2023-12-05,Vehicle control using neural network controller in combination with model-based controller,1,B60W|G06N
11834042,2023-12-05,"Methods, systems, and apparatuses for behavioral based adaptive cruise control (ACC) to driver's vehicle operation style",0,B60W|G06N
11830100,2023-11-28,Efficient ride request,0,G01C|G06Q|G08G|H04M|H04W
11829128,2023-11-28,Perception system diagnosis using predicted sensor data and perception results,1,B60W|G01S|G05B|G05D|G06F|G06V|G07C|H04L
11827117,2023-11-28,Intelligent charging systems and control logic for crowdsourced vehicle energy transfer,0,B60L|G06Q|Y02T
11824574,2023-11-21,Smart max power control to mitigate excessive radiated power,0,H04B|H04W
11820392,2023-11-21,Eliminatinon of safety enable hardware through use of can transceiver wakeup functions,0,B60W|H04L
11820385,2023-11-21,System and method for evaluating driver performance,0,B60W|G06Q
11817750,2023-11-14,Planar power module with high power density packaging,0,B60L|H01L|H02K|H02M
11815875,2023-11-14,"Methods, systems, and apparatuses of purge content estimation logic for improved fuel control",0,F02D|G05B|G06N
11814076,2023-11-14,System and method for autonomous vehicle performance grading based on human reasoning,0,B60W|G05D|G06N
11810873,2023-11-07,Solid-state fuse having multiple control circuits,0,H01H|H01L|H02H
11810006,2023-11-07,System for extending functionality of hypotheses generated by symbolic/logic-based reasoning systems,0,B60W|G06N|G06V
11808599,2023-11-07,Route recording with real-time annotation and re-display system,0,G01C|H04W
11807181,2023-11-07,Vision-based airbag enablement,0,B60R|G06T
11807128,2023-11-07,Brand identification while recharging an electric vehicle,1,B60L|G06Q|H02J|Y02T
11805329,2023-10-31,System and method for discharging image sensor capacitors,0,G01J|G06T|H04N
11804981,2023-10-31,Method and apparatus for providing an individually secure system to multiple distrusting parties,0,G06F|H04L
11804962,2023-10-31,System and method for establishing an in-vehicle cryptographic manager,1,B60R|G05B|H04L
11804131,2023-10-31,Communication system for determining vehicle context and intent of a target vehicle based on perceived lane of travel,0,B60W|G06V|G08G|H04W
11804082,2023-10-31,Automated deep learning based on customer driven noise diagnostic assist,0,G06F|G07C
11803365,2023-10-31,System and process for vehicle software configuration coverage measurement for update validation,0,G06F
11801870,2023-10-31,System for guiding an autonomous vehicle by a towing taxi,0,B60W|G07C|H04W
11800082,2023-10-24,Virtual 3D display,0,B60K|G02B|G06F|H04N
11798295,2023-10-24,Model free lane tracking system,0,G01C|G05D|G06F|G06V
11798290,2023-10-24,Obstacle detection and notification for motorcycles,1,B60R|G06F|G06V|G08G|H04N|H04W
11798240,2023-10-24,System and method for social networking using an augmented reality display,1,G02B|G06Q|G06T
11798158,2023-10-24,Systems and methods for monitoring chain health,0,G01M|G06T|G06V|G08B
11798139,2023-10-24,Noise-adaptive non-blind image deblurring,0,G06N|G06T
11794780,2023-10-24,Reward function for vehicles,0,B60W|G06N|H04W
11794758,2023-10-24,Selective health information reporting systems including integrated diagnostic models providing least and most possible cause information,0,B60W|G06N|G07C
11789352,2023-10-17,Camera system laminated into glass using microsensor and lens,0,B60J|G03B|H04N
11780346,2023-10-10,Scheduling pre-departure charging of electric vehicles,0,B60H|B60L|G06N|H02J|Y02T
11777152,2023-10-03,Distributed feedback control systems and logic for battery management system (BMS) operation,0,B60L|G01R|H01M|H02J|H04W|Y02E|Y02T|Y04S
11776497,2023-10-03,Global and local contrast control with brightness and shading adjustment of smart glass display,0,E06B|G02F|G09G|H04L
11770495,2023-09-26,Generating virtual images based on captured image data,0,B60R|G06T|H04N
11766938,2023-09-26,Augmented reality head-up display for overlaying a notification symbol over a visually imperceptible object,1,B60K|G01S|G02B|G06T|G06V
11762385,2023-09-19,Micro-authorization of remote assistance for an autonomous vehicle,0,B60W|G05D|H04W
11756312,2023-09-12,Orientation-agnostic lane tracking in a vehicle,0,G05D|G06F|G06V
11748936,2023-09-05,Using epipolar reprojection for virtual view perspective change,0,G06T|H04N
11741719,2023-08-29,Approach to maneuver planning for navigating around parked vehicles for autonomous driving,0,B60W|G05D|G06F|G06V
11737004,2023-08-22,Predictive Wi-Fi data offloading systems and methods,0,H04W
11733531,2023-08-22,Active heads up display system,0,G02B|G06F
11731639,2023-08-22,Method and apparatus for lane detection on a vehicle travel surface,0,B60W|G01C|G06N
11731635,2023-08-22,Predicting driver status using glance behavior,0,B60W|G06F|G06V
11729521,2023-08-15,Systems and methods for extended field of view and low light imaging,0,G02F|G06T|H04N
11729308,2023-08-15,Communication system with stealth mode for mobile device,0,H04L|H04M|H04W
11729019,2023-08-15,Systems and methods for scheduling periodic message transmission,0,H04L
11728985,2023-08-15,Fault tolerant provisioning verification for cryptographic keys,0,H04L
11726202,2023-08-15,Neural network-based radio frequency network design in a radar system of a vehicle,0,G01S|G06N|H01Q
11719810,2023-08-08,Automotive synthetic aperture radar with radon transform,0,G01S|G06T
11716597,2023-08-01,"Methods, systems, and apparatuses implementing a seamless multi-function in-vehicle pairing algorithm using a QR code",1,B60W|G01C|G06K|H04W
11715373,2023-08-01,Traffic light visibility detection and augmented display,0,B60K|G01S|G06F|G06T|G08G
11708090,2023-07-25,Vehicle behavioral monitoring,0,B60W|G08G|H04W
11703873,2023-07-18,Occupancy grid movie system,0,B60W|G01C|G05D|G06F
11702096,2023-07-18,Systems and methods for providing a graphical representation of following distances to an augmented reality vehicle heads-up display system,1,B60K|B60W|H04W
11699368,2023-07-11,Head-up display for accommodating color vision deficiencies,1,B60K|G02B|G06T|G06V|G09G
11699250,2023-07-11,System and method for low visibility driving,3,B60K|G02B|G03B|G06F|G06T|G06V|H04N
11698683,2023-07-11,Distributed inflatable touch sensing,0,G06F
11697370,2023-07-11,Augmented audio output by an electric vehicle,0,B60Q|B60R|B60W|G06F|G10K
11697346,2023-07-11,Lane position in augmented reality head-up display system,4,B60K|G02B|G06T|G06V|G08G
11693999,2023-07-04,"System for automatically inspecting a mold design, and method using such (method and system for checking a press)",0,G01G|G06F
11691566,2023-07-04,Intelligent vehicle systems and control logic for surround view augmentation with object model recognition,0,B60K|B60Q|B60R|G06F|G06T|G06V|H04N
11689820,2023-06-27,Combining grayscale scanned images with color image to create high-resolution overlay images in vehicles,0,B60R|G06N|G06T|H04N
11683458,2023-06-20,Projecting multi-faceted image onto convex polyhedron based on wide-angle image,0,B60K|G06T|H04N
11669998,2023-06-06,Method and system for learning a neural network to determine a pose of a vehicle in an environment,1,G06N|G06T
11663836,2023-05-30,Eye gaze tracking calibration,0,G06T|G06V
11662811,2023-05-30,Holographic display system,0,B60R|G02B|G02F|G03H|G06F|G06V|H04N
11661082,2023-05-30,Forward modeling for behavior control of autonomous vehicles,0,B60W|G06N
11658204,2023-05-23,Microled display with pixelated sensors,0,G06F|H01L|H10H
11657818,2023-05-23,Multi-assistant control,0,G06F|G10L
11657494,2023-05-23,Method to detect defects in battery pouch cells using angled flash thermography,3,G06T|G06V|H01M|H04N|Y02E
11654933,2023-05-23,Navigation trajectory using reinforcement learning for an ego vehicle in a navigation network,0,B60W|G06N
11654918,2023-05-23,Estimation of road centerline based on vehicle telemetry,0,B60W|G05B|G05D|G06F|G06N|G06V
11651120,2023-05-16,Method and system of reporting stretching failure in stamping die development,0,B21D|G06F
11648895,2023-05-16,Bounded timing analysis of intra-vehicle communication,0,B60R|H04L|H04W
11648867,2023-05-16,System and method to detect and avoid spilled cargo,0,B60P|B60R|G06T
11647403,2023-05-09,Closed loop environment sensing and control for wireless applications,0,H04B|H04W
11645038,2023-05-09,Augmented reality head-up display for audio event awareness,1,G06F
11639107,2023-05-02,Vehicle electronic display configured to flex and/or fold for enhanced usability and viewing,0,B60K|G06F|G09F
11637900,2023-04-25,Method and system for facilitating uses of codes for vehicle experiences,0,G06Q|H04L
11631325,2023-04-18,Methods and systems for traffic light state monitoring and traffic light to lane assignment,0,G05D|G06N|G08G|H04L
11630302,2023-04-18,Driving guidance system for a motor vehicle having an augmented reality head up display,0,B60K|G02B|G06F|G06V|G09G
11627454,2023-04-11,Method and system to detect previous driver of vehicle in emergency situation,0,B60R|G07C|H04W
11625925,2023-04-11,Remote segmentation under limited computational resources and rate constraints,0,G06F|G06N|G06V|H04W
11625031,2023-04-11,Anomaly detection systems and methods,0,B60L|G05B|G06F|G06N
11622222,2023-04-04,Location information through directional sound provided by mobile computing device,0,H04R|H04S|H04W
11617941,2023-04-04,Environment interactive system providing augmented reality for in-vehicle infotainment and entertainment,0,A63F|B60K|G06F|G06Q|G06V
11613272,2023-03-28,Lane uncertainty modeling and tracking in a vehicle,1,B60W|G01C|G06T|G06V
11613231,2023-03-28,System and method of unlocking a vehicle based on visual domain data and wireless domain data,0,B60R|G06V|H04N
11610485,2023-03-21,Traffic signal change visualization systems and methods,0,B60K|G02B|G06F|G06V|G08G
11610336,2023-03-21,Methods and systems to detect vehicle events using vehicle cameras,0,B60L|B60Q|B60R|G06T|G06V
11602972,2023-03-14,Multifunctional control for a system in a vehicle,1,B60H|B60K|G05G|G06F
11602077,2023-03-07,Heat dissipation device with sorbent material immersed in liquid,0,G06F|G08B|H01L|H05K
11601542,2023-03-07,"Crash detection system comprising a microphone, first and second batteries, and first and second antennas and a method of operating the same",0,G08G|H04M|H04W
11593597,2023-02-28,Object detection in vehicles using cross-modality sensors,0,G01S|G05D|G06F|G06V
11592831,2023-02-28,Traffic light occlusion detection for autonomous vehicle,0,B60W|G05D|G06T|G06V
11589017,2023-02-21,Ground line monitoring system,1,H04N
11587461,2023-02-21,Context-sensitive adjustment of off-road glance time,1,B60Q|B60R|G06F|G06N|G06T|G06V|G09B|H04N
11587333,2023-02-21,Systems and methods for monitoring and maintaining stability of vehicle cargo,1,B60G|B60P|B60R|G06N|G06Q|G06V|G07C
11587214,2023-02-21,Multipath ghost mitigation in vehicle radar system,0,G01S|G06T
11586159,2023-02-21,Machine learning method and system for executing remote commands to control functions of a vehicle,1,B60H|B67D|G05B|G06N
11582433,2023-02-14,Head up display speckle contrast determination systems and methods,0,G02B|H04N
11579340,2023-02-14,Self-cleaning system for displays using light emitting diodes emitting invisible violet light,0,B01J|G02B|H01L|H10H
11577782,2023-02-14,Method and apparatus for an automated trailer backup system in a motor vehicle,0,B60R|B62D|G06F|G06T|H04N
11577733,2023-02-14,Efficient road coordinates transformations library,0,B60W|G06F|G06V
11577616,2023-02-14,"Methods, systems, and apparatuses for torque control utilizing roots of pseudo neural network",0,B60L|B60W|G06N|Y02T
11577285,2023-02-14,Systems and methods for sensor lens cleaning,0,B08B|B60S|G01S|G02B|H04N
11576224,2023-02-07,Mobile communication system with fallback strategy for a motor vehicle,1,H04L|H04M|H04W
11574538,2023-02-07,Method and apparatus for perception-sharing between vehicles,0,G05D|G08G|H04L|H04W
11572014,2023-02-07,Reducing animal vehicle collisions,0,B60K|B60Q|B60W|G01C|G06F|G08G
11570594,2023-01-31,Method of facilitating on-demand wireless connectivity using device-to-device resources and data pooling with a vehicle platoon,0,G08G|H04W
11568577,2023-01-31,Contamination detection and notification systems,0,G06T|G06V|G16H|H04N|H04W
11568565,2023-01-31,Rendering-based lidar and camera alignment,0,G01S|G06T|H04N
11562576,2023-01-24,Dynamic adjustment of augmented reality image,0,B60K|B60W|G02B|G06T|G06V
11558839,2023-01-17,Determination of local time at vehicle ignition,0,G06F|H04W
11558205,2023-01-17,Scalable certificate revocation truth distribution and verification using a bloom filter set and a false positive set for PKI-based IoT scenarios,0,G16Y|H04L|H04W
11557234,2023-01-17,Windshield zone dimming and augmented reality head up display,2,B60J|B60K|G02B|G06F|G09G
11556207,2023-01-17,Virtual display touch screen diagnostic system,0,B60K|B60R|G06F|G09G
11555710,2023-01-17,Secure eco-routing with databases under homomorphic encryption,0,G01C|H04L
11551552,2023-01-10,Distributing processing resources across local and cloud-based systems with respect to autonomous navigation,1,G05D|G06F|G08G
11551488,2023-01-10,Adaptive fault diagnostic system for motor vehicles,0,G06F|G06N|G07C|Y02A
11544858,2023-01-03,Camera-based enhancement of vehicle kinematic state estimation,2,B60R|B60W|G06T
11539797,2022-12-27,Reconfigurable zone-based architecture for trailering applications,0,B60D|H04L
11538288,2022-12-27,Diagnostic systems and methods using automotive audio bus,0,G07C|H04L
11532188,2022-12-20,Architecture and methodology for state estimation failure detection using crowdsourcing and deep learning,0,G06N|G07C
11532165,2022-12-20,Natural surround view,0,G06N|G06T|G06V
11528625,2022-12-13,Method for detecting an antenna defect in a mobile communication system of a motor vehicle,0,H01Q|H04B|H04W
11526724,2022-12-13,Virtual sensor for estimating online unmeasurable variables via successive time derivatives,0,B60W|G05B|G05D|G06F|G06N|G07C
11524627,2022-12-13,Adaptive interaction system with other road users,1,B60Q|G08G|H04W
11523091,2022-12-06,Head up display image blur compensation,0,G02B|H04N
11521348,2022-12-06,Transforming sensor data to train models used with different sensor configurations,2,G06N|G06T
11516636,2022-11-29,Latency masking in an autonomous vehicle using edge network computing resources,0,G05D|H04L|H04W
11516046,2022-11-29,Controller area network fault detection and recovery,0,G07C|H04L
11511669,2022-11-29,System and method for trailer coupler localization for guidance during a hitching maneuver,0,B60D|B60R|B60W|G06T
11507346,2022-11-22,Intelligent text and voice feedback for voice assistant,0,G06F|G10L
11506892,2022-11-22,Holographic display system for a motor vehicle,0,B60K|G02B|G03H|H04N
11505206,2022-11-22,Wrong-way driving detection and collision mitigation,0,B60W|G08G|H04W
11501642,2022-11-15,Method and system of detecting a wrong-way driving vehicle,0,G01S|G06V|G08G|H04W
11499833,2022-11-15,Inferring lane boundaries via high speed vehicle telemetry,0,G01C|G06T|G06V|G08G|H04L|H04W
11492006,2022-11-08,Apparatus and methodology of road condition classification using sensor data,0,B60R|B60W|G01S|G06F|G06N|G06V
11491985,2022-11-08,Process and system for sensor sharing for an autonomous lane change,0,B60W|H04W
11488584,2022-11-01,Voice recognition-based task allocation and selective control of hotword detection function in a vehicle network,1,G10L|H04W
11487993,2022-11-01,Apparatus and method that detect wheel alignment condition,0,B62D|G01B|G01M|G06N
11485387,2022-11-01,System and method for predictive navigation control,0,B60W|G01C|G06N
11482141,2022-10-25,Reticle and target based calibration for augmented reality head-up displays,4,B60K|G02B|G06F|G09G
11482010,2022-10-25,Methods and systems to utilize cameras to predict driver intention and highlight useful data,0,B60R|G01S|G06F|G06Q|G06T|G06V|H04N
11481738,2022-10-25,Automated vehicle initiated servicing system,0,G06K|G06Q|G07C
11480959,2022-10-25,Collaborative traveling,0,B60W|G01C|G05D|G06Q
11479148,2022-10-25,Personalization settings based on body measurements,0,B60N|B60R|G06T|G06V
11476507,2022-10-18,Solid-state multi-switch device,0,H01L|H01M|H02J|Y02E
11474525,2022-10-18,Method and apparatus for method for dynamic multi-segment path and speed profile shaping,0,B60W|G01S|G05D|G06T|G06V
11467415,2022-10-11,Viewer input-based control in a multi-image augmented reality head up display system in a vehicle,2,B60K|G02B|G06F|G09G
11465623,2022-10-11,Semi-autonomous reversing of a follower vehicle,0,B60W|B62D|G05D|H04L|H04W
11462021,2022-10-04,Obstacle detection and notification for motorcycles,3,B60R|G06F|G06V|G08G|H04N|H04W
11460843,2022-10-04,Parallelized tree-based decision scheme for autonomous vehicle,0,B60W|G01C|G05D|G06F|G06V
11455847,2022-09-27,Method and apparatus for obtaining event related data,0,B60R|G06Q|G07C|G08G|H04W
11455538,2022-09-27,Correctness preserving optimization of deep neural networks,0,G06F|G06N|G06V
11454971,2022-09-27,Methods and systems for learning user preferences for lane changes,1,B60W|G05D|G06N
11447063,2022-09-20,Steerable scanning and perception system with active illumination,1,B60Q|G01S|G05D|G06F|G06T|G06V
11438627,2022-09-06,Rate adaptive encoding decoding scheme for prioritized segmented data,0,H04N
11436876,2022-09-06,Systems and methods for diagnosing perception systems of vehicles based on temporal continuity of sensor data,0,G06F|G06N|G06V|G07C|G08G
11429185,2022-08-30,Apparatus and method for assessing occupant gazes,1,B60W|G05D|G06F|G06T|G06V
11428782,2022-08-30,Neural network-based object surface estimation in radar system,0,G01S|G06N
11428541,2022-08-30,Targetless calibration of camera and inertial sensor in a vehicle,2,G01C|G06T
11427216,2022-08-30,User activity-based customization of vehicle prompts,0,B60W|G06F|G06V|G10L
11425287,2022-08-23,Apparatus for protecting a camera from foreign debris contamination,0,G02B|H04N
11423321,2022-08-23,Method and system for predicting system status,0,G06N|G07C
11418762,2022-08-16,Imaging system and method,0,B60W|G06N|G06T|G06V|H04N
11418742,2022-08-16,System and method for analyzing camera performance degradation due to lens abrasion,0,G06T|H04N
11408744,2022-08-09,Interactive routing information between users,0,G01C|G05D|G06Q|H04W
11402487,2022-08-02,Joint radon transform association,0,G01S|G06F
11390286,2022-07-19,System and process for end to end prediction of lane detection uncertainty,0,B60W|G05D|G06F|G06V|G08G
11386228,2022-07-12,Real-time session-based anonymization and blurring of high-resolution GPS data,0,G01S|G06F|H04L|H04W
11382133,2022-07-05,Method and apparatus for intelligent wireless protocol optimization,0,H04W
11380204,2022-07-05,Controlling articulating sensors of an autonomous vehicle,1,G01S|G05D|G06V|G08G|H04N
11380110,2022-07-05,Three dimensional traffic sign detection,3,B60W|G06N|G06T|G06V
11380093,2022-07-05,Detecting road edges by fusing aerial image and telemetry evidences,0,G06F|G06T|G06V
11375386,2022-06-28,Method and system for beamform management in vehicular communications,0,H04W
11373020,2022-06-28,Method and system with mesh data conversion for stamping dies,0,G06F
11368440,2022-06-21,Detecting operation of an autonomous vehicle on an untrusted network,0,G05D|H04L|H04W
11367358,2022-06-21,Method of arranging platooning vehicles based on vehicles' historic wireless performance,1,G08G|H04W
11367253,2022-06-21,Point cloud data compression in an autonomous vehicle,0,G05D|G06T|G06V
11364913,2022-06-21,Situational complexity quantification for autonomous systems,0,B60W|G05D|G06N
11361559,2022-06-14,System and method for cargo management in a motor vehicle,0,G01C|G06Q|G06T|G06V
11354986,2022-06-07,Haptic device with vibration motor and seat assembly,0,B60N|F16F|G06F|G08B
11354888,2022-06-07,Method and apparatus for a neural network,1,G05D|G06F|G06N|G06V
11354796,2022-06-07,Image identification and retrieval for component fault analysis,0,G05B|G06F|G06N|G06T
11354784,2022-06-07,Systems and methods for training a non-blind image deblurring module,0,B60R|G06F|G06N|G06T|G06V
11348282,2022-05-31,Systems and methods for calibrating vehicle cameras using external smart sensor,0,B60R|G06T|H04N
11343138,2022-05-24,Method and apparatus for fault tolerant ethernet time synchronization,0,H04J|H04L
11341621,2022-05-24,Enhanced imaging system for a motor vehicle,0,B60K|G06T|H04N
11338645,2022-05-24,Method and apparatus for active vehicle cabin occupant detection system,0,B60H|B60N|B60R|G08B|H04W
11335138,2022-05-17,System and method for tire embedded object detection,0,B60C|G07C|H04L
11334090,2022-05-17,Method and system for determining autonomous vehicle (AV) action based on vehicle and edge sensor data,0,G05D|G08G|H04W
11332069,2022-05-17,"Methods, systems, and apparatuses implementing a vehicle-to-everything enabled safety warning triangle reflector",0,B60Q|G07C|G08G|G09F|H04W
11328596,2022-05-10,Parking prediction,0,G01C|G06N|G08G
11327901,2022-05-10,Modular dynamically allocated capacity storage systems implemented as respective batteries each having multiple source terminals,1,F02D|F02N|G06F|Y02E|Y02T
11325563,2022-05-10,Approach-based vehicle system actuation,0,B60R|B60W|H04W
11325283,2022-05-10,Injected LED light assembly,0,B29C|B29K|B29L|B60Q|F21S|H01L|H05K|H10H
11320820,2022-05-03,Hyperassociation in episode memory,0,G05D|G06N
11318887,2022-05-03,Panoramic virtual environment for in-vehicle entertainment,0,B60R|H04N
11305675,2022-04-19,Disturbance cancellation and generation seat,2,B60N|B60R|H04L
11301980,2022-04-12,System and method to evaluate the integrity of spot welds,0,G06N|G06T|H04N
11301642,2022-04-12,System and method of traffic sign translation,0,G06F|G06V
11300954,2022-04-12,System and methods to improve automated driving utilization,0,B60W|G05D|G06F|G06N|H04W
11295045,2022-04-05,Tools and methods for aerodynamically optimizing the geometry of vehicle bodies,0,G01M|G06F|G06N|Y02T
11294394,2022-04-05,Method and apparatus for gig economy transportation of delivery pods,0,G01C|G05D|G06Q
11293366,2022-04-05,Data sensing and estimation,0,F02B|F02D|G05B|G06F|G06N|Y02T
11288553,2022-03-29,Methods and systems for bowl view stitching of images,0,G06F|G06V
11288424,2022-03-29,Adaptive time scaling for accelerating explicit finite element analysis,0,G06F|G06T
11281974,2022-03-22,Activation zero-bypass and weight pruning in neural networks for vehicle perception systems,0,B60R|G05D|G06N
11281315,2022-03-22,Display screen with integrated post,0,B29C|B29K|B29L|B60K|G06F
11276156,2022-03-15,Gaussian image quality analysis tool and method for operation,2,G06T
11270170,2022-03-08,Object detection using low level camera radar fusion,0,G01S|G06F|G06T|G06V
11265811,2022-03-01,Method of monitoring and controlling an onboard system and a monitor and control system,0,H04L|H04Q|H04W|Y02D
11263575,2022-03-01,Integration of metric collection with vehicle request fulfillment,0,G06N|G06Q
11263510,2022-03-01,Method for performing measurements of dendritic structures for all magnifications and camera resolutions of microscopes,0,G06M|G06T
11260852,2022-03-01,Collision behavior recognition and avoidance,7,B60W|G06N|G08G
11258755,2022-02-22,Method and system for processing coherent data,0,B60R|H04L
11257369,2022-02-22,Off road route selection and presentation in a drive assistance system equipped vehicle,0,B60R|B62D|G01C|G01S|G05D|G06T|G08G
11254286,2022-02-22,System and method to disable automated driving mode based on vehicle operation context,0,B60R|G05D|G06F
11247571,2022-02-15,Intelligent energy management system for a vehicle and corresponding method,0,B60L|G05B|G06Q|Y02E|Y02T|Y04S
11244115,2022-02-08,Hypergraph-based method for segmenting and clustering customer observables for vehicles,4,G06F|G06N|G06Q|G07C
11242032,2022-02-08,Custom vehicle alarm based on electronic device identifier,0,B60R|H04W
11236695,2022-02-01,Diagnostic methods and systems,0,F02D|F02M|G06N
11226403,2022-01-18,Chip-scale coherent lidar with integrated high power laser diode,0,B81B|G01S|G02B|H01L|H01S|H10F
11225153,2022-01-18,Intelligent vehicles with advanced vehicle camera systems for underbody hazard and foreign object detection,2,B60L|B60W|G05D|G06V|G07C|G08G|H02J|H04N|Y02T
11218843,2022-01-04,Systems and methods for vehicle-target localization,0,H04B|H04W
11214261,2022-01-04,Learn association for multi-object tracking with multi sensory data and missing modalities,1,B60W|G05D|G06F|G06V
11212683,2021-12-28,Method for prioritized connection of a multi-core chipset to external access points and vehicle using the same,1,H04W
11204605,2021-12-21,Autonomous vehicle controlled based upon a LIDAR data segmentation system,4,B60W|G01S|G05D|G06N
11204417,2021-12-21,Selective attention mechanism for improved perception sensor performance in vehicular applications,0,G01S|G06F|G06V
11198418,2021-12-14,Method and subsystem for controlling an autonomous braking system for a vehicle,0,B60K|B60Q|B60T|B60W|H04W
11195063,2021-12-07,Hidden hazard situational awareness,0,G01V|G06F|G06N|G06V
11192563,2021-12-07,Contextual autonomous vehicle support through written interaction,0,B60K|B60W|G05D|G06Q
11192468,2021-12-07,Electric vehicle pre-conditioning,0,B60L|B60Y|G06Q|G07C|G07F|Y02T
11188099,2021-11-30,"Method, system and apparatus for an autonomous routing algorithm with a failsafe provision at a final drop-off location",0,B60W|G01C|G05D|H04W
11178619,2021-11-16,Antenna uplink power control to avoid performance degradation,0,H04B|H04W
11171806,2021-11-09,Dynamic quality of service control for automotive ethernet,1,B60R|H04L
11171571,2021-11-09,Alternating current solid-state switch,1,G01R|H01L|H02M|H10D
11170585,2021-11-09,Vehicle fault diagnosis and analysis based on augmented design failure mode and effect analysis (DFMEA) data,1,G06N|G07C
11170584,2021-11-09,Automatic fault isolation and diagnosis system using over-the-air technology,0,G07C|H04W
11169242,2021-11-09,Method and system for locating mobile device relative to vehicle,0,G01S|G07C|H04W
11168985,2021-11-09,Vehicle pose determining system and method,0,B60W|G01C|G01S|G06F|G06T|G06V
11163300,2021-11-02,Navigating an autonomous vehicle based upon an image from a mobile computing device,1,G01C|G05D|G06Q
11157784,2021-10-26,Explainable learning system and methods for autonomous driving,0,G05D|G06F|G06N|G06V
11157004,2021-10-26,Real-time control system for a vehicle and a method of executing control of the vehicle via the real-time control system,0,B60W|G05D|G06F
11156717,2021-10-26,Method and apparatus crosstalk and multipath noise reduction in a LIDAR system,3,G01S|G06F|G06T|G06V
11155258,2021-10-26,System and method for radar cross traffic tracking and maneuver risk estimation,2,B60W|G01S|G05D|G06N
11155238,2021-10-26,Systems and methods for determining device location for passive entry and vehicle startup,0,B60R|G07C|H04W
11151808,2021-10-19,Vehicle fault root cause diagnosis,2,G06N|G07C
11150623,2021-10-19,Data-driven approach for effective system change identification,1,B60W|G05B|G06N|G07C
11148636,2021-10-19,Time based seatbelt routing detection via in-cabin sensors,0,B60R|G06T|G06V
11143514,2021-10-12,System and method for correcting high-definition map images,1,G01C|G06F|G06T|G06V
11132897,2021-09-28,"Methods, systems, and apparatuses for edge based notification through crowdsourced live fleet streamed communications",4,B60R|G06N|G07C|G08G|H04L|H04W
11127147,2021-09-21,Three-dimensional point cloud generation using a polarimetric camera in a drive assistance system equipped vehicle,1,G01S|G05D|G06T
11127119,2021-09-21,Systems and methods for image deblurring in a vehicle,2,G06T
11126744,2021-09-21,Systems and methods for preserving the privacy of collected vehicular data,0,G06F
11125567,2021-09-21,Methods and systems for mapping and localization for a vehicle,3,G01C|G01S|G06F
11124136,2021-09-21,Controlling vehicle modules based on media content,5,A63F|B60H|B60N|B60R|G06F|H04L|H04W
11122211,2021-09-14,Modular under-vehicle camera,0,B60K|B60R|H04N
11120646,2021-09-14,Fault model augmentation systems and methods,0,G06N|G07C
11120279,2021-09-14,Identification of distracted pedestrians,2,G06F|G06N|G06V|H04W
11119482,2021-09-14,System and method for control of an autonomous vehicle,1,B60W|B62D|G05B|G05D|G06N
11117573,2021-09-14,Method and apparatus for object identification using non-contact chemical sensor,0,B60W|B62D|G01N|G01S|G01V|G06V|G08B|H04L
11113829,2021-09-07,Domain adaptation for analysis of images,0,G06T|G06V
11112790,2021-09-07,Micro-authorization of remote assistance for an autonomous vehicle,1,B60W|G05D|H04W
11106044,2021-08-31,Eye height based virtual image alignment for head-up display,6,G02B|G06F|G09G
11100344,2021-08-24,Image-based three-dimensional lane detection,1,G05D|G06T|G06V
11094027,2021-08-17,System and method to establish primary and secondary control of rideshare experience features,0,B60N|B60R|G05D|G06Q
11093761,2021-08-17,Lane position sensing and tracking in a vehicle,0,B60W|G06T|G06V|G08G
11092671,2021-08-17,Laser diode optical frequency modulation linearization algorithm,0,B81B|G01S|G02B|H01L|H01S|H10F
11089239,2021-08-10,System and method to modify undercarriage camera image feed,4,B60R|H04N
11087617,2021-08-10,Vehicle crowd sensing system and method,0,B60W|G01C|G06F|G07C|G08G
11084526,2021-08-10,System for passively and actively monitoring and evaluating an electric power steering system,1,B62D|G06F
11079488,2021-08-03,DBSCAN parameters as function of sensor suite configuration,0,B60W|G01S|G06F|G06V
11074081,2021-07-27,Architecture and method supporting multiple vision stream using shared server on embedded platform,0,G06F|G06N
11072310,2021-07-27,Method and system to mitigate smart phone battery drainage while using a virtual key to access a vehicle,1,B60R|H04W
11071225,2021-07-20,Smart high-voltage relay,3,H01L|H02H|H02M|H05K
11070707,2021-07-20,System and method to remove a vehicle shadow from a video feed,0,G06T|H04N
11067670,2021-07-20,Heterogeneously integrated chip-scale lidar system,4,B81B|G01S|G02B|H01L|H01S|H10F
11064131,2021-07-13,Systems and methods for proactive flicker mitigation,2,B60S|G06V|H04N
11057521,2021-07-06,System and method for providing a telematics service using third-party authentication,0,G01C|G06F|G06Q|H04L|H04M|H04W
11046320,2021-06-29,System and method for initiating and executing an automated lane change maneuver,1,B60K|B60W|G06F|G06V|G08G
11046273,2021-06-29,Seat belt status determining system and method,2,B60Q|B60R|G05D|G06F|G06N|G06V
11036999,2021-06-15,Autonomous vehicle that is controlled based upon output of a Bayesian object classifier system,0,B60W|G06F|G06V
11027776,2021-06-08,System and method for adapting parameters used in target slip estimation,1,B60W|B62D|G06F
11027677,2021-06-08,Camera based activation of heated wipers and windshield defrost,0,B60R|B60S|F02N|G06T|G06V|H05B
11024056,2021-06-01,Image processing for eye location identification,6,G05D|G06T|G06V
11023351,2021-06-01,System and method of selecting a computational platform,0,G06F|G06N
11022693,2021-06-01,Autonomous vehicle controlled based upon a lidar data segmentation system,13,G01S|G05D|G06F|G06N|G06V
11021109,2021-06-01,Hidden storage compartment having a user notification system and method of using the same,2,B60R|G06F
11016495,2021-05-25,Method and system for end-to-end learning of control commands for autonomous vehicle,3,B60W|G05D|G06N|G06V
11006053,2021-05-11,Weld inspection system and method,0,G01N|H04N
11003920,2021-05-11,Detection and planar representation of three dimensional lanes in a road scene,0,G01C|G05D|G06N|G06T|G06V|G08G
11003195,2021-05-11,Method to prioritize the process of receiving for cooperative sensor sharing objects,0,G05D|G06F|G06V|G08G|H04W
11002832,2021-05-11,Chip-scale LIDAR with a single 2D MEMS scanner,4,B81B|G01S|G02B|H01L|H01S|H10F
11001272,2021-05-11,Apparatus to enable user driven range and feature selection,0,B60R|B60W|G01C|G05D|G06F
10997799,2021-05-04,Method and apparatus for leveraging wireless connectivity for pre-service preparation in service lanes,0,G07C|H04L|H04W
10997737,2021-05-04,Method and system for aligning image data from a vehicle camera,1,G06T|G06V
10997708,2021-05-04,Quantifying tread rib edge locations,0,B60C|G06T
10997682,2021-05-04,Efficient ride request,0,G01C|G06Q|G08G|H04M|H04W
10996480,2021-05-04,Head-up display calibration,4,B60K|G02B|G06T|H04N
10991121,2021-04-27,Movement tracking of operator-facing cameras,0,G06T
10990834,2021-04-27,Method and apparatus for object detection in camera blind zones,0,B60Q|B60W|G06T|G06V
10984534,2021-04-20,Identification of attention region for enhancement of sensor-based detection in a vehicle,0,B60R|G06F|G06T|G06V
10984260,2021-04-20,Method and apparatus for controlling a vehicle including an autonomous control system,0,B60R|B60W|G01C|G05D|G06T|G06V
10983205,2021-04-20,Redundant frequency modulators in radar system,0,G01S|H01Q|H04L
10981577,2021-04-20,Diagnosing perception system based on scene continuity,2,B60W|G06F|G06N|G06V
10977885,2021-04-13,Method for digital key misbehavior and sybil attack detection through user profiling,0,B60R|G07C|H04W
10977503,2021-04-13,Fault isolation for perception systems in autonomous/active safety vehicles,1,B60W|G06F|G06T|G06V
10976414,2021-04-13,Heterogeneous integration of curved mirror structure for passive alignment in chip-scale lidar,4,B81B|G01S|G02B|H01L|H01S|H10F
10974268,2021-04-13,System and method for indicating degraded operation of a robotic paint station,2,B05B|B25J|G05B|G06Q|G08B
10972855,2021-04-06,Location information through directional sound provided by mobile computing device,1,H04R|H04S|H04W
10965857,2021-03-30,Camera vision systems,1,B60R|G03B|H04N
10965856,2021-03-30,Camera vision systems,0,B60R|G03B|H04N
10962371,2021-03-30,Method and apparatus of parallel tracking and localization via multi-mode slam fusion process,3,G01C|G01S|G06T
10958576,2021-03-23,"Systems and methods for data processing and storage in vehicles having a zone-based, central computing in-vehicle communications network architecture",3,H04L
10958293,2021-03-23,System and method for near-lossless universal data compression using correlated data sequences,0,G06F|G06V|H03M|H04L
10957189,2021-03-23,Automatic vehicle alert and reporting systems and methods,1,B60Q|B60R|G01C|G06V|G08G|H04N|H04W
10956211,2021-03-23,Method and apparatus of allocating automotive computing tasks to networked devices with heterogeneous capabilities,1,G06F
10951607,2021-03-16,Authentication methods and systems,0,H04L|H04W
10940863,2021-03-09,Spatial and temporal attention-based deep reinforcement learning of hierarchical lane-change policies for controlling an autonomous vehicle,5,B60W|G05D|G06N|G08G
10937747,2021-03-02,Power inverter module with reduced inductance,0,H01L|H02M|H05K
10937113,2021-03-02,Energy resource pre-allocation and delivery based on demand,0,G06Q|Y02T
10936123,2021-03-02,Tactile confirmation for touch screen systems,0,B60K|G06F
10932395,2021-02-23,Thermal management device for use on electronics in a transportation vehicle,2,F28D|G06F|H01L|H05K|Y02D
10929719,2021-02-23,Adversarial attack on black box object detection algorithm,0,G06F|G06V
10926638,2021-02-23,Method and apparatus that reformats content of eyebox,6,B60K|G06F|G06T
10922906,2021-02-16,Monitoring and diagnosing vehicle system problems using machine learning classifiers,2,B60W|G06N|G07C
10922806,2021-02-16,Sound-based flow check system for washer system,0,B60S|G01F|G01M|G06T|H04R
10917764,2021-02-09,System and method to responsively send vehicle information to a data center,0,G08G|H04L|H04N|H04W
10915159,2021-02-09,Method of controlling a vehicle to adjust perception system energy usage,0,G06F|G07C
10915109,2021-02-09,Control of autonomous vehicle based on pre-learned passenger and environment aware driving style profile,2,B60W|G05D|G06N
10914822,2021-02-09,Dual-laser chip-scale lidar for simultaneous range-doppler sensing,4,B81B|G01S|G02B|H01L|H01S|H10F
10914821,2021-02-09,Calibration and alignment of coherent lidar system,4,B81B|G01S|G02B|H01L|H01S|H10F
10913353,2021-02-09,Operation control method for vehicle infotainment system,1,B60K|B60R|G06F|G09G|H02J|H04M
10909390,2021-02-02,Fixed-point quantization in neural networks for vehicle perception systems,0,G06N|G06V|H03M
